xo,f(xo)
4.000000,4.397601
4.000000,-0.446819
